Tag,Twitter,Pronouns,Staff Page Blurb,Staff Page Profile Link,Staff Page Pic URL
 Nebu,@YoSoyNebu,he/him,,,
-ZAN,zanverse,,Puyo TO dreaming of #PUZZLESWEEP one day,https://twitter.com/zanverse,
@DrDewberry,@DrDewberry,he/him,,,
@EinAston,@EinAstonShigure,he/him,,,
ACPK,@acpkrabb,they/them,,,
ADK5 Seth,@ADKSeth,he/him,,,
Aeiry,@micahbradbury,he/him,"Famous Big Band combo doer Aeiry
To whatever broken move your main has in your game: They need it (surely)",https://twitter.com/@micahbradbury,
Ahiru Who?,@AhiruWho,they/them,Embrace the  M O T I V A T I O N,https://twitter.com/@AhiruWho,https://dl.airtable.com/.attachments/932e052b6335ac3806b0e69220059703/d75742d5/j1dyyiYTeiOjtXRwSxZZ
Ahntye,@Ahntye,they/them,,,
Ailerus,@ailerusvmp,he/him,I help run and stream events for Vampire Savior with my friends under the VampireArcadia twitch channel.,https://twitch.tv/vampirearcadia,https://dl.airtable.com/.attachments/0e1b86c8c6375ae9774d50841ad503a1/7b9ddb33/ailerus.jpg
AirinTV,@AirinTV,"she/her,it/its",,,
Akaragitsune,@Akaragitsune,he/him,i have like nothing intelligent to put here LOL,https://twitter.com/@Akaragitsune,https://dl.airtable.com/.attachments/6e7759e2d5324c62408d2b58a7a18bc8/09fa594a/sWQjKhefRZeTcbVLIkiI
Akaza,@akazacaiu,he/him,Play BBTAG,https://twitter.com/@akazacaiu,https://dl.airtable.com/.attachments/8299f4913afab27f15edc7f26c27ea05/c0377619/Bhz3a35aQwq86t8FVpmd
Alchemist of Atlas,@MahoutsukaiRin,he/him,Commentator,https://twitter.com/@MahoutsukaiRin,https://dl.airtable.com/.attachments/4a7a30a700a7087ecbcae133cd222fec/214406fb/SyXN2Lr1QScqzVuZT5mj
Alexalchemy,@Alexalchemy1,he/him,"Howdy, i'm a TO/commenator from Puerto Rico that runs various online tournaments for multiple games and is the main TO for series like: Alexalchemy's Fightcade Series, Waku Waku Biweeklies and the Super SLASH Brothers monthly series with ToastRider.

I'm also the head TO for multiple charity events like Alexalchemy's Charity Thing (Or ACT for short) and the Fight for the Future series with Ultrayoshi.

(And yes, i'm the one responsible for Evo Rex and is considered as the Dino Rex guy according to Saint Cola lmao)",https://twitter.com/@Alexalchemy1,https://dl.airtable.com/.attachments/88283a77c81c6a99667d381351afed91/7574ff84/kKbYuo8QCuo2AsutVOs9
Alexeir,Alexeir_,he/him,Dont lose to your past,https://twitter.com/Alexeir_,https://dl.airtable.com/.attachments/7e8491c3cf7e10f28dbf24853c28a9eb/5fb86964/yNeLgj11RoCZCiGatae9
Aligari,,he/him,Event organizer and competitor for SoCal FGC. Always pushing for poverty and trying to build scenes for underrepresented games. See me in +R or Melty.,https://youtu.be/V4YlRovXHMQ,
AmaterrasVT,@AmaterrAsura,he/him,"Former FGC Pot Monster turned into a wack VTuber. Indo FGC Local Gatekeeper for Xrd, everyone hates my Leo Whitefang.",https://www.twitch.tv/amaterrasvt,https://dl.airtable.com/.attachments/5a0a15eb09a6d9e7ccd54397a3d841d4/1f6bf31a/srOXrzLOR9qvzov14HT9
Andrew,@on9drew,he/him,,,
Antser,@AHD_Antrolos,he/him,,,
Araett,@LTFGC_Araett,he/him,,,
Aranlyde,@Aranlyde,they/them,,,
arkruis,@arkruis,he/him,,,
Arneezy,@arneezy619,he/him,,,
Aroo,@aroolee,he/him,,,
AtlasOmega,@AtlasOmega_,he/him,"Dallas, Texas Tournament Organizer and TO for Quickdraw Brawl. One of Texas' loudest shills. Support your locals. [trust the process.]",https://atlasomega.carrd.co/,https://dl.airtable.com/.attachments/1a0e4272e2d40d56ad7dfea2e636b673/b298c9c6/e2GibOZQ6ezF9R62sK5W
Attitude Indicator,@attitudeindicat,he/him,its not -10 if your dead,https://twitter.com/@attitudeindicat,https://dl.airtable.com/.attachments/70610819360868890d2e25378aa527ed/00fb2d9e/kBED6TQHy4WvVxXuolRQ
auraisbad,@auraisbad,they/them,,,
Aurostella,@_aurostella,he/him,,,
Aymer,@errAymer,she/her,sekhmet fangirl,https://twitter.com/@errAymer,https://dl.airtable.com/.attachments/d9a9539ec9cde8f70a5bd64a22512fbd/cb84dc03/O8A1rOL8Rta3HSCp8xgH
Bandana,@bandanabluee,they/them,Argentinian Fighting Game player,https://twitter.com/@bandanabluee,
Ben Hooks,@VivaBenHooks,he/him,"Celebrity Commentator Ben Hooks has been gracing mics and screens for over a year, and has numerous brought eloquence, poise and excitement to the ears of countless fighting game fans  on the journey, including, including commentary stints with Level Up Live, Grilla, HyperX Arena Las Vegas - He's eager to bring his skills to the forefront for Vortex Gallery!",@VivaBenHooks,
Berris,@S_Berris,he/him,Biggest Eltmun Upplayer,https://twitter.com/@S_Berris,https://dl.airtable.com/.attachments/6c2608b8358eb3b21d5ac5175b6d370d/c3e46b85/H5KTwvLSm2I1JYj8VXn7
Bigpapachunk,@bigpapachunk,he/him,"Hi, I play and organize SCVI in the Norther California Bay Area. I also am a teacher and a musician.",,https://dl.airtable.com/.attachments/b5f46358dfdc1af13a68199ab1403019/471c8c76/Bigpapachunk.png
BiLL,@FGCBiLL,he/him,GGs Gamer,https://twitter.com/@FGCBiLL,https://dl.airtable.com/.attachments/21a9ff3dc8ae06dc884134f1b32492f6/b9d4b03e/eSXJCjGUQ7WtMKoO1mrY
Bloo,@Bloo4LYFE,he/him,Hello! My name is Bloo and while I'm also helping with Vortex Gallery I'm also the head writer for AFGCNews. I always willing to help the anime fighting game scene grow higher and higher and want to be there every step of the way.,,
Boxy,@B0xyBox,he/him,Hi! I'm a fighting game fan which tries to help fun events like these in any way that I can! also also a Skullgirls Latam South moderator/TO :D,https://twitter.com/B0xyBox,
bracketmanps,bracketmanps,he/him,Time to hit the links!,https://twitter.com/bracketmanps,https://dl.airtable.com/.attachments/9118c8d4e25ecd3048e909187cff3238/680e840c/Kj7goV37RtKXigTVZs2A
Brett,@HellaBrett,he/him,,twitch.tv/thebrett,https://dl.airtable.com/.attachments/7576710d2af23357a528b47fb8cee1d9/62aaaff9/staff_brett.jpg
Bulletprccf,@xBulletprccf,ze/hir,"♤ TO for the gundam exvs series, including full boost, gundam versus, and maxiboost on: hosts various online charity brackets, lead & creator of the situation is not ideal series, and runs mbon brackets at climax of night & frosty faustings.  ♤  author on archive of our own (Bulletprccf).  ♤  minor voice actor for redmufflerman & checkpoint.  ♤",https://archiveofourown.org/users/Bulletprccf/profile,https://dl.airtable.com/.attachments/e057205f4fed969a4bc5ace5fb5a689f/952b1343/0BmKWAGR52yNmoG6gs9Q
Butt69,@kingbutt69,"he/him,they/them","Butt69 is a fighting game player from Louisville, Kentucky known for playing many ""poverty games"" like Ultra Fight Da! Kyanta 2, Fight of Animals, and many others.",https://youtube.com/user/Xsearsgameplayer,https://dl.airtable.com/.attachments/54c3bc2106d82a59f518c6798e28babc/38e8fe2d/Butt69.jpg
c0ruj4,@C00ruja,he/him,tropa do calvo,https://twitter.com/@C00ruja,
Cakekattekoi,@cakekattekoi,he/him,Divekick is life.,https://twitter.com/@cakekattekoi,https://dl.airtable.com/.attachments/11aa4c9210f917dc6cd7aa36c0e4f314/4e2f21dc/JNIombp5RL6OdC16Pd3C
Calexe,Calexeee,he/him,I'll handle this one personally.,https://twitter.com/Calexeee,https://dl.airtable.com/.attachments/8d9543bf470666d1fa1fc98394597809/9f0c4361/VbbFyqEqT1Gts3qyikiM
Cambosa,@Cambosa1,he/him,,,
CancerisR,@CancerisR,he/him,"Tournament organizer for Melty Sud's MBAACC events, also Koihime and SGNT4 I think.",https://twitter.com/@CancerisR,https://dl.airtable.com/.attachments/20e82d8999cb9ae15f1fb50f66769e43/896adcfb/DJMf77s3Sq2zHAu3W99g
CarbonClyve,@clyveSPEAKS,he/him,Child of Sociology; Competitive Fighting Game Player & Commentator; MY SOUL STILL BURNS,https://twitter.com/@clyveSPEAKS,
Cassie,@Cassie___1,she/her,Rolling!,https://twitter.com/@Cassie___1,https://dl.airtable.com/.attachments/51d0d66581cc21cd668f628eed0c794e/0ffb5c16/46FGzWQnKujrh3yxjzCg
ChairGTables,@chairgtables,any,Kusoge obsessed lead developer at indie game studio LAME Dimension. Competes and runs tournaments for multiple games at events to take game design notes on funny jank in fighting games and understand the heart of the players. This fake VTuber is currently on a quest to find the legendary ghost of EVO and have a match against him to win burgers and become the ghost of Vortex Gallery.,,https://dl.airtable.com/.attachments/35cc7d047034b4a54d4d6c38beaf5605/3d976c18/chairgtables.png
Chake,@WyanpakuChake,he/him,"WUBBA WUBBA, I'M IN THE PINK!",https://twitter.com/@WyanpakuChake,https://dl.airtable.com/.attachments/6fc524f502a4ec5784026396bf4b4a44/d9b75804/82mp6yY6SQyeLSWA8d6a
Chapter XLVII,@ChapterXVII,he/him,"Owner, FAUSTIAN",https://www.faustianfgc.com,https://dl.airtable.com/.attachments/1c8eea67ad7d975218b6c085acca80a0/e354d2c8/ChapterXLVII.jpeg
CHFinal,@CHuhFiNaL,he/him,,,
Chickzama,@chickzama,any,"TO for Exceed Assault, The Snake Pit & The World Serpent Championship.
Also a Vtuber.
I really like Blazblue: Central Fiction and Hazama.",https://twitter.com/Chickzama,https://dl.airtable.com/.attachments/12eec7166ee9700ad94f540445703559/6ea68d5b/staff_chickzama.jpg
chimps121,@chimps121,he/him,,,
Chopper,Ch0pper25,he/him,,,
Chris™,@RunePopz,he/him,,,
Church_hb,@Church_hb,she/her,,,
Cleo / A.D.H.D,@ADHD2I,she/her,,,
CodyYuki,@CodyYuki_,any,,,
Cookie,@CookieFGC,he/him,Florida based commentator for Under Night and KOF! I love to chat about fighting games and I am very passionate about the games I do commentate.,https://twitter.com/cookieFGC,https://dl.airtable.com/.attachments/39c0f08640127ec54a7d13f4648f41e5/2ba352c4/tNVk4wheTdKv7fXevlSz
Coren,@CxR_Coren,he/him,,https://twitter.com/cxr_coren,https://dl.airtable.com/.attachments/4d524512302d6f7280fb383137c43132/73824dda/staff_coren.jpg
Crackin Atkins,@CrackinAtkins,he/him,,,https://dl.airtable.com/.attachments/efa5a9ba3b1cb6d16c160826c3409f33/6706bf68/crackinatkins.png
Crow_77,n/a,she/her,,,
CustomKristoff ,@CustomKristoff,he/him,,,
DarkHoward,@DarkHoward_FGC,he/him,"Hello and welcome to the Garou Championship at #vortexgallery23. 
 You can call me DarkHoward, Leader of the Brazilian gaming community in Brazil, and I hope I can make a great online event for you this year. 
 Everyone already has my contact, so any questions just call in direct messages, or on discord.",https://twitter.com/@DarkHoward_FGC,
Dawn Hosie,@Yohosiefgc,she/her,"Fighting Game Idiot. Used to play things good, now I help run things and talk over things good. Hit me up if you need anything or want to chat.",,https://dl.airtable.com/.attachments/73715842d9effb5f0307156a0520de38/3e1d9a01/yohosie.png
debb,@debb__22,,name is debb. nice to meet you guys.,https://twitter.com/@debb__22,https://dl.airtable.com/.attachments/7d9c84becfbb678aba09554e53fbd8b7/f07cd6bf/MGaFV0HTtCcxrX4Z2qww
DeeAiZee,@DeeAiZee,he/him,,,
Deka Fumo Death Cult,@DekaFumoSlayer,he/him,,,
DeltaSierra4,@BlazeofWar60,"he/him,they/them",,,
DEMONLORD,@cureahegaoaxis,he/him,,,
Desselie,-,he/him,,,
Devoltion,@devoltion_ray,he/him,-,https://twitter.com/@devoltion_ray,https://dl.airtable.com/.attachments/c4df000e411008b0bede1e6e557ea9f3/da94d41e/UWtCwK7TP6kzMzIgde1q
Diosama,@jdiosama,he/him,,,
Dipsky,@Dipiar_,he/him,,,
Division,i have no twitter,he/him,Esports is a blight and Strive is a disease  ,https://twitter.com/i have no twitter,https://dl.airtable.com/.attachments/9c6aba9dc977d21709e8bec989beef67/0620dc04/DRIuxob1RNiCFXxY827W
DJCream,@DarylBunao,he/him,,https://twitter.com/DarylBunao,https://dl.airtable.com/.attachments/027feac13ca5ddeaa4722838b5ba1b21/9dd2eaa6/staff_djcream.jpg
Djibuti,@djibuti_fgc,he/him,"Brazillian Garou MOTW TO and streamer, anime fighting games player, PlatWoobi enjoyer.",https://twitter.com/@djibuti_fgc,
Doctor Butler,@ButlersRevenge,he/him,,,
Don_Bozzi,@Don_Bozzi83,he/him,"Your favourite Italian Cowboy, bringing you the European Garou MotW action!",https://twitter.com/@Don_Bozzi83,https://dl.airtable.com/.attachments/c12b1fa5e9a765e51acf3e472d24b5fe/2dd07af4/QmBI1LGhSBqew8PoKwCt
Durdge-o,@DurdgeO,"he/him,any",Very dedicated Kyanta 2 player.,https://twitter.com/DurdgeO,https://dl.airtable.com/.attachments/22f79ec450b14a3751fb04920ef393d5/bf119c53/staff_durdge-o.png
EC|SOUL,@Soulshoryuken,he/him,,,
Edge La Edge,@travislazuli,he/him,,,
effects(fx) [ brewed,@bruwud_,he/him,,,
EFZ Stella,@StellaEfz,"she/her,they/them,any","BR doujin and kusoge enthusiast I also help run locals whenever I can
Sale EFZ",https://twitter.com/@StellaEfz,https://dl.airtable.com/.attachments/46cb6227990948c8222fa4ca81e9477a/db9bf2f7/7uXLH1o4TM6AxovNXoGu
eirinloren,@eirinloren,she/her,,,
Eremes,@EremesGuile3,he/him,EFZ Streamer,https://twitter.com/@EremesGuile3,
experimilk,@experimilk,he/him,,,
F O X,@makotofox_,he/him,"Doing fighting game commentary for 6 years at events like: EVO, Combo Breaker, Arc Revo 2019 Finals, AnimeEvo, CEOtaku and more! ",https://twitter.com/MakotoFOX_,https://dl.airtable.com/.attachments/e229ed8b2ecbf2f785ed63e2f42b8c84/39d7507c/FOX_png.jpg
Fade,@Fadean8,"he/him,any",,,
Famuwa,@Lohan_han,any,How does one 632146 consistently?,https://twitter.com/@Lohan_han,https://dl.airtable.com/.attachments/6c7084d933cbc6824bf7fcda9a628096/586358d9/l8k5SaJiRnyc52BMDYyW
Fepi,@FepiElMaster,he/him,,,
Firery,@394_Firery,they/them,"#1 Cutest OCE TO. Also a VTuber.
Waiting for the day I can finally play Million Arthur Arcana Blood with someone.",https://twitter.com/394_Firery,https://dl.airtable.com/.attachments/f55632c0d3fb5cd07c7e7fb2a1c94ca3/c0f90e57/gssnsZrGSx2Bwo2LsQlv
Fishel,@FishelFGC,he/him,,,
Frik,frikinin,,Gaming,https://twitter.com/frikinin,https://dl.airtable.com/.attachments/4ebcf40d7398c24ef8b2414035059634/38f16b97/bqsRgsPBQ6iRKSWqJeM1
GaryButternubs,@GButternubs,he/him,,,
Gasbux_,@Gasbux_,he/him,"Card Game is a retainment home for FGC player, also pls play MBTL and Uni ",https://twitter.com/@Gasbux_,https://dl.airtable.com/.attachments/c1b611e162f4dec41b4ed9eb79841578/a47efcea/uMtpCFiGQuyPzGDjGaNg
Geki_CP,@Geki_CP,he/him,,,
Gekiko,gekiko_bathory,they/them,,,
GhostShroom,@ghost_shroom,he/him,Red Earth shill. Wrote the wiki.,https://twitter.com/@ghost_shroom,https://dl.airtable.com/.attachments/c5d03c5d99589b03115187dddb63af4d/9eda3f3a/iMDxRJIDRzikr3YjFsDQ
Giby,@ManChest,he/him,"What impudence you human being
",https://twitter.com/ManChest,https://dl.airtable.com/.attachments/141a7d5b6f9ce73e761d995c62b7f4b8/4df56955/staff_giby.jpg
Giogio,@MurioMelee,he/him,Play +R!,https://twitter.com/@MurioMelee,https://dl.airtable.com/.attachments/b6c975451ebfa7125ea19cfe151923ee/3e4e0abe/HzRXYnTvTuauqpmvoqz1
GL4DTOB3HERE,@GL4DTOB3HERE,he/him,,,
Gokudeira12,@gokudeira12,he/him,Maya Amano's Top 1 Fan from the cult classic Persona 2 and Professional Combo dropper on BBCF,https://twitter.com/gokudeira12,https://dl.airtable.com/.attachments/e5291907b30ee25f1917778a6cf4167c/871e19e4/MwBjRPomT9Kr0CrzOZpV
Gold,@GoldilocksP4,he/him,,,
Gonomax,@gonomax97,"he/him,they/them",F-Ries main and streamer over at MeltySud. Leader of the Velvet Crew who has brought many weekly lobbies and fun side events for Melty Blood Current Code.,https://twitter.com/@gonomax97,https://dl.airtable.com/.attachments/3eebe5e0abf75777b8933901d7bcaec7/fc1d9c90/aezQnfzhSkiKxfOHZyBI
Griffybones ,@GriffyBones,he/him,,,
GrimFlash,@GrimFlash3,he/him,,,
GTek,@GTekTV,he/him,Tournament Organizer for Vegas/ West Coast FGC.  Lead TO and Streamer for DragonBall FighterZ and Granblue Fantasy Versus for North America,https://twitter.com/@GTekTV,
GuardianMC,@GuardianMC,he/him,,,
Guerizon,@Guerizon,any,Take the stage,https://twitter.com/@Guerizon,https://dl.airtable.com/.attachments/f45ce2b01ec781575430e2864d3d17a4/15342538/4XeuBzOSNC2PpPSdEAGw
Gyaru,@GyaruGarou,she/her,"Kusoge Vtuber, If there's a hyper niche fighting game no one has ever heard of, I probably play it.  Praise the Sega Saturn and Lord of the Rings trilogy. ",https://twitter.com/GarouGyaru,https://dl.airtable.com/.attachments/8271b93057834a1c50699d6bdeb6d68f/b0819913/gyarugarou.png
Hababa Tekken 7,@Vince_SGP,he/him,,,
Hagure,@Hagure,they/them,"All roads in the Vortex Gallery leads to the slime. Loves to play lame af. They go to events to TO games, eat good food, & mix drinks. See him in Marvel 2/3, UNI, VSAV or TMNT:TF — first round of drinks is on the loser!",https://linktr.ee/hagure,
Hakkou,@vHakkou,he/him,True brazilian. Running the best RPS game of all time.,https://twitter.com/@vHakkou,https://dl.airtable.com/.attachments/183a7901f07e4a8e9f7b5ad993ea7962/80e252be/BBXygeNTTUSu9mjf5Jmr
Halowood,@Halowood_,he/him,Just your local Aussie netplay TO doing what he can for the games he loves,https://twitter.com/@Halowood_,https://dl.airtable.com/.attachments/de46ffe6b484484975ad56dcdb23f077/8143ba74/35jOt8aWT7uVxeX8T8u6
HAP,@HAP_WL,he/him,Neutral is a creation by capcom to sell street fighter,https://twitter.com/@HAP_WL,
Harpooneer,@VFHarpoon,he/him,,,
Havok,@HavokWasTaken,he/him,,,
Hazler,https://twitter.com/HazHazdoGBVS,he/him,Metera is honest,https://twitter.com/https://twitter.com/HazHazdoGBVS,
HealingPotato,@healingpotato,he/him,,,
heavymetalmixer,heavymetalmixer,he/him,Tbh I have no complaints about it.,https://twitter.com/heavymetalmixer,https://dl.airtable.com/.attachments/84af14a92da5f114c647a5fdaf3a9967/a2c54da3/MDfdBmmARlSawwMIuAJQ
hebiniwa,@hebiniwasan,he/him,,,
Heilpaul,@Danudak,he/him,,,
HeyVictor,@HeyVictorTweets,he/him,"Smash Ultimate/Nick Brawl Tristate T.O! 
Been running FGC events since 2016 and a current competitor in Nick Brawl!",https://twitter.com/HeyVictorTweets,
Hikaru Reii,@hikarureii18,he/him,We up!!!,https://twitter.com/@hikarureii18,https://dl.airtable.com/.attachments/1422c21bec9e639502710c2a0303e325/ce2e6b97/rynMVWUOQ1OlsOHkX1Nb
Holmborn,Holmborn,he/him,,,
Horsey Chobunso,@ChobunsoFGC,he/him,I'm Omega Black's #1 fan and an okay BFTG player.,https://twitter.com/@ChobunsoFGC,https://dl.airtable.com/.attachments/550121d3502e029db99afe7c38fd3870/6da3df35/rac6BaSyQtOVLWKsYJ2w
Hutch,n/a,he/him,OCE BBCF Commentator and Player,https://twitter.com/n/a,https://dl.airtable.com/.attachments/d4dca41f4c486467f6f2e1eea6363350/41efd885/vStkLixQryUZoDRgAr6g
Hyggend,@hyggend,he/him,,,
Hyper89,HNation89,he/him,,,
IdolismJ,@IdolismJ,he/him,"Successfully worn every hat there is in the industry. Writer, Player, Commentator, Organizer. Now I use my experience to bolster underrepresented games that are too good to be left behind.",https://twitter.com/@IdolismJ,https://dl.airtable.com/.attachments/a9af7c408443e29087e06f124b0e82c8/ba4e9f73/J2h6oFbOSAvzao0NaWgg
InfraredAces,ktrieun,they/them,,,
InnerOtaku/EckS,@InnerOtakuChan,he/him,"Oh, WORM!? Its the Avid Gamer",https://twitter.com/@InnerOtakuChan,https://dl.airtable.com/.attachments/0f55e887905ac71e0633a2adf7e2557c/b58843cc/OgNwsXxjRQukLxCZZzjQ
Inso,@Inso_,he/him,,,
IronFoxfire,@IronFoxfire,he/him,Mod developer for KLK:IF Restitched,,https://dl.airtable.com/.attachments/a2e132d0409d8132f048ec2ed2fa8625/d8ccf7a6/ironfoxfire.png
Jacklom919,@jacklom919,"he/him,they/them","An active and dedicated member in the Rivals of Aether Workshop Community for over two and a half years now, he hopes to be able to make this tournament as enjoyable as possible! Thank you to everyone that has supported him in his time as a TO!",https://twitter.com/@jacklom919,https://dl.airtable.com/.attachments/2544ca7b608a56b983bd55d33af97a67/2a164b6e/yImUdtijQve7kSaYbCyr
JC Bernardo,@JCBernardo10,he/him,,,
Jean-Carlo ,garou4life,he/him,,,
JJJ,@JJJ_SC6,he/him,"In the Soul Calibur community for 15 years. Competitive player, commentator, and streamer.  ",,
Jorjão,@Jorgituzin,he/him,,,
JubJub,@JubJub623D,he/him,,,
Kaelis,@KaelisMirage,he/him,Furry FGC TO. (@CatBoxArena) Often forgets to eat. ,,https://dl.airtable.com/.attachments/92b596880e0a0776b675c9ffb58934d9/7ed81ad0/kaelis.png
karma,k9rmas,any,,,
KBeast,@kbeast707,he/him,"Hailing from the Bay Area in Northern California, this man loves technical execution and smart stuff!  Well known to play Marvel vs. Capcom games, he's also a huge supporter for Tatsunoko vs. Capcom, as that game deserves much love for its unique style!",https://twitter.com/@kbeast707,https://dl.airtable.com/.attachments/84be9724843e91a68e772b75f6690b14/1a3b448f/Fx3w5kwGRnWJ7B3qgMLT
Ke11y Ann,@Ke11yAnn_,she/her,"Prominent member of XboxFighters, worldwide FG Community focused on bringing players together ONLINE casually & competitively no matter the Country. ThrustyZol & I run SamSho Tourney$ on Xbox Series X|S 120Hz, supported by SNK's 'Samurai Shodown Enhanced' which runs true 120fps gameplay ONLINE w/ US, MX, BR, CAN, EU, JP+",https://www.twitch.tv/ke11yann,
Kelcroze,@Kelcroze,he/him,"Current leader of the Meme FighterZ, the SEA BBCF Community. Happen to like playing BBCF and Weiss Schwarz a little too much. 四条貴音P",https://twitter.com/kelcroze,
Kinomot0,@_kinomot0,she/her,"Hello! I'm Kinomot0. I love running tournaments in Brasil and I usually work with Skullgirls and Vampire Savior but I used to run Melty Blood tournaments too.
I organize and stream tournaments frequently. You probably saw me on AnimEvo, Vortex, ESC, Heaven or Hell, Battle Coliseaum and Treta!
",https://twitter.com/_Kinomot0,https://dl.airtable.com/.attachments/3a9c503b21d139d94e82b96aa2740016/359f7c8b/s2HFDkZRwmX7cZd1XxTB
Kitaeo,@kitskoonk,it/its,"Fighting gamer of 8+ years, dabbling in everything from Clash of Ninja to Melty Blood to Slap City, recently trying to get more into puzzle games :)",https://twitter.com/@kitskoonk,https://dl.airtable.com/.attachments/16f5e0589900ad70bf54f29b5f6cc719/c23dafe7/KTEo6eIXTjusn7DxjNKJ
Kitoro,@kitoro_,he/him,,,
Kiyobi,@Kiyobi,he/him,"Part time VTuber, full time production head. FGC's biggest Puyo Puyo supporter. Rhythm games and competitive puzzle games are my FGC retirement home. Let's be rivals in IIDX and SDVX!",https://twitter.com/@Kiyobi,https://dl.airtable.com/.attachments/aac4862ab08bf26d68c321f495f8a9ab/5703a171/0wDF1GnTRC0UuAR4exHF
klempfer,@kure_kle,he/him,,,
KONMAI,@konmai573,"he/him,they/them",KONMAI is a WNF SOULCALIBURVI volunteer with a love for the great anime communities of SoCal. Easily confused for the company that destroyed your favorite franchises.  The legend of バフお尻P will never die. ,,https://dl.airtable.com/.attachments/2e0d6fbc5fbc22c54ea7faab2a67c475/af052a49/konmai.png
KrookedUtMN ,@krookedu,he/him,?,https://twitter.com/@krookedu,
Krully,-,he/him,FF14 player that like to play the most annoying character in every fighting he touches. Mainly plays GBVS and BBCF.,https://twitter.com/-,https://dl.airtable.com/.attachments/a253e78ebb31eb36a1cfef9717a745c0/f051ade0/ctQyLFNTvDD4IHgGzLg5
KujikawaLunasa,@FujiwaraLunasa,he/him,,,
Kumubou,@kumubou,,,,https://dl.airtable.com/.attachments/ef2d73da34a92c4451129478f35055af/6f6811d8/76693228_p0_waifu2x_art_scale_tta_1_waifu2x_art_scale_tta_1.png
KusanagiBoi,@KusanagiBoi,he/him,"Taokaka is a very badly written character, that's the only important thing I have to say :)",https://twitter.com/@KusanagiBoi,
kyuukei,@kyuukei,she/her,,,
LalitoTV,@LaIitoTV,,,,
Lam,@LamFGC,he/him,Persona enjoyer & commentator focused on the anime fighting game community,https://twitter.com/@LamFGC,https://dl.airtable.com/.attachments/7b830848d2a6c4f996327cd992a6a589/2ec6cb39/5d47QuKSREKP3UXDbd1z
Landkon2,@Landkon22,he/him,"Rivals of Aether workshop and base game competitor, big fan of platfighters.",https://twitter.com/Landkon22,
Lennox,@Lennox207,he/him,"Commentator for GBVS/MBTL/DBFZ but lets be honest, I'll commentate anything until I like it. Make sure your anti-airs are sick, and play Granblue",https://www.twitch.tv/jacklennox,https://dl.airtable.com/.attachments/596ffd99fb900dab6c341b27e8efd9c4/c41d13b1/ovIlGvmS02k6cPJo2isT
Leon Ultra,@Maximumleon,they/them,I just want to hit buttons,,https://dl.airtable.com/.attachments/37523b6a2a787fe1cdf2feadb70078ae/f63b03d5/LeonUltra.png
Lichgo,@LichgoFGC,he/him,,,
Linus,@WasabiLinus,he/him,,https://twitter.com/WasabiLinus,https://dl.airtable.com/.attachments/ef32a37e05c2cd103de866378c8ee37e/050e76e4/staff_linus.jpg
LobstersArentImmortal,n/a,he/him,"In time, you'll learn.",https://twitter.com/n/a,https://dl.airtable.com/.attachments/a808cd582d1a03d12988e6f868f69d33/f2bd43ea/ETO5mzjUSUOknHSbFQlJ
Lota,xi_lota,"she/her,he/him",Owner of the KLK:IF Discord server and patch assistant for: KLK:IF Restitched,https://twitter.com/xi_lota,
Lucianog619,@LucianoG619,he/him,,,
Luijaro,@luijaro,he/him,,,
Luong4life,@PsikyoCrusher,he/him,BBCF Caster de Valquiria E-Sports,https://twitter.com/@PsikyoCrusher,https://dl.airtable.com/.attachments/af027e433f2b4c1b0a55ea82b6968360/cd032d99/QhNOJShRK26qdoM8dAfw
Macc,@MaccSensei,he/him,Old School FG fan and too old for this sh*t,https://twitter.com/@MaccSensei,https://dl.airtable.com/.attachments/a65def95c9473ac4e67e6c3a48891ca3/6a910999/BAgxRCxRQWyx6oc8w4mQ
Majeur/Smug,@smug_lol,he/him,...,https://twitter.com/@smug_lol,
Maki,JulioMorales88,he/him,Bracket runner,https://twitter.com/@JulioMorales88,https://dl.airtable.com/.attachments/1a044809b3f60a57f3c38c0dd114d1bf/01d074cc/Maki.png
Manabe,@Manabe_1992,she/her,mornin,https://twitter.com/Manabe_1992,https://dl.airtable.com/.attachments/0cfebbaf56d40495e3842c64c9d327b4/afece769/BBMf0zvaSDObfViGlLVx
Mandaloriano 95,@HenriqueAdlerF,he/him,,,
Maplejava,@maple_java,he/him,,,
Mark I-No,@Mark_Ino1,he/him,"FGC advocate. Daru & I-No fan, Tournament Organizer and competitor for Arcadian São Luís. Dreamer for the ever greatness of Fighting Games!",https://linktr.ee/marki_no,https://dl.airtable.com/.attachments/2f5529b08645ebf7eda92fa51362f785/f6d1f36b/EFs1M36RTsiD3x29PSlY
Marmotato,@Marmotato,he/him,,,
Mathias Wolfbrok,@MathiasWolfbrok,"he/him,they/them","Head TO, Commentator and Streamer at WolfTV, I spend way too much time showcasing all of the fighting games you haven't heard of so you can find your favorite",https://twitter.com/@MathiasWolfbrok,https://dl.airtable.com/.attachments/817c97425ce4bddc084ec997587f1308/f48447a2/FLRCd6lTKrPWWWgPB5gS
McDuckerz,McDuckyPotatoez,she/her,,,
Mech,@ircmech,he/him,Southern California Organizer. Skipping the washed phase to go straight to organizing. :duck:,https://twitter.com/@ircmech,https://dl.airtable.com/.attachments/29a878b4a9165e1b9483fe4871467468/df311f0b/vkU0k4rdSf2poL6KfHjR
MegaphoneFranke,@MegaphoneFranke,he/him,,,
melody?,@NightlyMelodies,she/her,,,
MelvinIsANiceBoy,@MelvinIsANiceB1,he/him,"Red Earth streamer, TO and player.
Really likes Red Earth.",https://twitter.com/MelvinIsANiceB1,
Mibeador,@Mibeador,he/him,,,
Mileve,@PlanetScrapstar,"she/her,they/them",,,
MIX Dark,@MashnMixFG,he/him,"Lead of Mash'n Mix community, an organization focused on organizing GBVS and BBCF tournaments in South America, where I've been organizing tournaments for more than two years.
Casual fighting game player, Zeta is the best char ever.",https://twitter.com/DarkMnM_,https://dl.airtable.com/.attachments/8ac2186920ce5b7f5ca20842b330a3e2/d238d767/qskCxSWRDWKkMkd2WV4T
Mixer,@MixerX1,he/him,"Only played bad ports of 3rd Strike and Alpha 2 until discovering Fightcade existed in 2020. Now I am mediocre at several fighting games instead of just 3S and Alpha 2, and met several cool people across several communities.",https://twitter.com/@MixerX1,https://dl.airtable.com/.attachments/7c94013e5a73c06666a884510c89b4d5/ba0692a4/qaf1LETaeU2dHvuPe8iQ
Moοn,@msgkmoon,he/him,,,
Muku,2fohMuku,he/him,,,
Narr,gunstargum,she/her,,,
Narumi,@zx_narumi,he/him,,,
negromago,@NEGROMAG0,he/him,,,
NekuSebas,https://twitter.com/Raysebix,he/him,"Hello! i'm admin from Melty Blood LAN (latam north), please visit us in https://discord.gg/HtsnBJ4yat",https://twitter.com/https://twitter.com/Raysebix,https://dl.airtable.com/.attachments/9072e982eef9f3bdd329ab4374e79c08/7a5df285/mnZL00tzRuqlZdZMZQwS
Nember,Nemnember,she/her,"I'm Nember, Australian vtuber, fighting game commentator, and overall sleepiest gamer around.
Known for playing tons of fighting games and being good at none of them, you can catch me helping run the GGXRD rev2 and P4AU tournaments in OCE every week.",https://twitter.com/Nemnember,
Neversillo,@NeversilloFGC,he/him,,,
nic hole,@pyrpll,she/her,,,
Ninomae Nimo,@ninomaenimo,he/him,"I'm a fish VTuber. I'm alright at SCVI; but, I'd like to think I'm better on mic.",https://twitter.com/@ninomaenimo,https://dl.airtable.com/.attachments/5944080ae06dff5ddc03f8f1e92a70c1/5a1783e2/7CF2RmuvQA6NuoUgOSBO
NMAHA Yamagata e-Sports Union,https://twitter.com/nmaha_yesu,he/him,,,
NuclearTaco,https://twitter.com/NuclearTaco2042?t=EAZx0HM5GZHyqnQZXMCLWg&s=09,he/him,"NuclearTaco here, just a guy that loves games, anime, and having a good time. I mostly play Fighting Games and RPGs and am now a retired US Marine! I do everything I can to support the FGC and hope everyone has a good time when I do!",https://twitter.com/https://twitter.com/NuclearTaco2042?t=EAZx0HM5GZHyqnQZXMCLWg&s=09,https://dl.airtable.com/.attachments/0b1b99680d96a9b4f9305cbeecde0015/2bc4b3ca/8hx2G3XxSRW3B93Toz7P
Numakie,@numakie,he/him,Hisui Lover. Former US MB god turned filthy casual. I do streaming things.,https://twitter.com/numakie,https://dl.airtable.com/.attachments/ffba5c542bfad5eaab58a42b55fd372b/62459267/staff_numakie.jpg
Nutria,@nutriafgc,he/him,"Fighting game community streamer & artist, occasional miniature painter and tcg player.",https://www.twitch.tv/ninjanutria,https://dl.airtable.com/.attachments/d014d3b0dafedfdea7cbbae053578df8/0ad6f85c/Iu33Wly7RhGR3GlCoscY
Olipop,@Olipoops,he/him,,,
omega_black,omega_blackFGC,he/him,,,
Onemi,@OnemiESESEBEME,"he/him,any",,,
ooluchi,@ooluchiR1,he/him,,,
Ordanen,@ordanen,he/him,"Helping out with commentary, nothing notable",https://twitter.com/@ordanen,https://dl.airtable.com/.attachments/2ab8831601bae427b8f647a8eea3c705/6c2942d5/hLdDAsKRTmSAKuTDsLjW
Oso Ragna,@RagnaPho3niX,he/him,"The key of victory is something that you feel proud of.. even if no one agrees, so fight for it!",https://twitter.com/@RagnaPho3niX,
Osugure,@Osugure,he/him,"Always doing too much, never stops doing too much, confused on how I even do so much....",https://twitter.com/Osugure,https://dl.airtable.com/.attachments/406fc62336b77d1bb958753810cd9f9f/4df1b0cd/IzaSalt.png
Ozz,@OZzuFito,he/him,,,
Paulo,@paulo_7482,he/him,,,
peon2,N/A,,,,
PolarBair,@PolarBair_ON,he/him,"Enigmatic fighting game player and TO from Ontario. Games run include Samsho 3, Samsho VSp, Dan-Ku-Ga, Cyberbots, Karnov's Revenge, and Double Dragon (NeoGeo)",,https://dl.airtable.com/.attachments/00bec6e30b3484c2e7a4630fb9529f74/7aadd6a9/PolarBair.png
PON,@PONVFesSARAH1,he/him,,,
Pudding Squeaks,@PuddingSqueaks,"she/her,it/its",She goes woof,https://twitter.com/@PuddingSqueaks,
Quoz13,@quoz13,he/him,,,
RagnarokF4,@Ragnarok_F4,he/him,"Fighting games enthusiast, competitor and TO!",https://twitter.com/@Ragnarok_F4,
RainbowCatcherBM,RCBlackmore,he/him,,,
Raiser,@raiser606,he/him,Appalachia’s fighting game hype man.,https://twitter.com/@raiser606,https://dl.airtable.com/.attachments/f2e3049e087947b5c145710fae01b2dd/e5fbdcd9/jfRv1KH6TPS4eM1rWxRV
Readek,@readeku,,"Owner of both EU and ESP RoA Communities, youtuber, streamer, and most importantly, production guy for tournament streams, making the overlays and programming the tools, bringing that production value to the top!",https://twitter.com/Readeku,https://dl.airtable.com/.attachments/f52986e58f4bef29a92e2b39bc066ad1/12f9acdf/aaiQV6TnOqdtYtWGJfyQ
Reisen,@ReisenUdonge02,he/him,Hello,https://twitter.com/@ReisenUdonge02,https://dl.airtable.com/.attachments/df3531ebf3fa599020925007733c0a44/ef7460c3/SrbniEFS2acbQmF4sAL7
Reshar,@ResharTheTyrant,he/him,"The Rat. Commentator and newbie TO, player of many games and enjoyer of big buttons.",https://twitter.com/@ResharTheTyrant,https://dl.airtable.com/.attachments/2da6eeee4d1c8b3afa1b3e70ce508d10/8dcf815b/3pmochd4QNychNxTLihK
Ripha,@Ripha_,he/him,ARMS nice,https://twitter.com/@Ripha_,https://dl.airtable.com/.attachments/77d11fb67354a1f398d7dd59367dfd68/df7e0c6e/LL0ugCkuQCO8NBl4vbuS
Risky Sweep,@johannhat,he/him,"John Hurst is probably doing too much at the moment. When he is not doing enough, he's probably commentating FGC events whether it be local or major. If he's still not doing too much, he's probably also running brackets or busy being head TO for Scruffy City FGC in Knoxville, TN. If that still isn't enough, he also  produces local comedy and a co-host of the weekly podcast called Video Death Loop which has been running for six years straight and featured by several podcast networks and sponsors. 

He has heard sleep is pretty great but think it's just a passing fad that will ""soon run through its course"", so he probably won't do that.",https://twitter.com/@johannhat,https://dl.airtable.com/.attachments/947af778a57a2708c7558d79bbe6b1bf/0374e58b/0AlL4Z05TXS36KjhhmWu
Robo-Railway,@RoboForte,"she/her,they/them",It's me Robo T. Railway! Big grappler guy and one of the cool peeps who run and commentate BBCF brackets in OCE!,https://twitter.com/@RoboForte,
Rolldodge,@rolldodge_,"he/him,they/them","Sometimes TO, mostly staff. ",https://twitter.com/@rolldodge_,https://dl.airtable.com/.attachments/1bb564765af39868ee8fc6781a5b2352/24d4c12b/wTKUl8uTEuoUmVr4kB1y
Roman5ive5ive,Roman5ive5ive,any,,,
Ruric,@rur1c,he/him,Just a dude that loves to press buttons.,,
Rygand,@DankRygand,he/him,,,
Ryoma,@rockmom_RYOMA,he/him,,,
Ryou,distantWarrior,he/him,,,
SabinDeus,@SabinDeus,he/him,"SabinDeus leads Team DEUS, an organization sponsoring Soulcalibur players from New York, and runs online Soucalibur VI tournaments for the New York/Northeast NA region. ",https://twitter.com/@SabinDeus,
SailorVick,TheSailorVick,he/him,"FGC, Tales JRPGs & Speedrun/TAS enthusiast! 
Also stream & TO for Asuka 120% & some other obscure games ~",https://twitter.com/TheSailorVick,https://dl.airtable.com/.attachments/44dd30e2a010a74c910a2a1761dd1790/3c5c8e7d/CW2ga15RS8KIPSWf8hY8
SakiSakuraTV,SakiSakuraTV,she/her," A commentator, player, and content creator for Dynamik Focus, she also works with various communities to volunteer in helping lead and organize tournaments!",,
Sakurina,Sakurina,he/him,"When I'm not playing through every WonderSwan game, I'm getting stomped on BBCF and Fightcade.",https://r-ch.net,
Salazio,@LFC_Salazio,he/him,,,
Samifish,@Samifish11,he/him,,,
SamThaGawd,None,he/him,,,
SBS,@SBSarizona,he/him,I am the Esports manager for Rivals of Aether and am the head T.O. for the RCS.,https://twitter.com/@SBSarizona,
Scrub Saibot,ScrubSaibot,he/him,I like trains. Follow @EdmontonFGC and @XboxFighters,https://twitter.com/@ScrubSaibot,https://dl.airtable.com/.attachments/1d2553d90d6c89a72ba02c2b36bbac1c/7d8d80df/mxk6oSqbRXaR6nNCsWlI
SeaJay,@SeaJay4444,he/him,"Skullgirls Oceania community person. Sydney, Australia",https://twitter.com/SeaJay4444,https://dl.airtable.com/.attachments/8cbe06d71062d77688e26a0e19d6b5c4/8c6e6d63/BkKm7NnPTJOUZc439TwX
Sen Wolf,@xSenWolfxTtv,he/him,,,
Shaco Arrombardo,@BrunoValente16,he/him,Millia player <3,https://twitter.com/@BrunoValente16,https://dl.airtable.com/.attachments/4a7689333b93e1a1ad800b614e851e5e/2c8390b1/nO6Av6NxQTuDjyRoaxBa
Shiburizu,@shiburizu,he/him,"956Pro Tech, Mizuumi Wiki & SuperCombo.gg chief editor.",https://twitter.com/shiburizu,https://dl.airtable.com/.attachments/911ff099d5ee8892d2bb450eedeac32d/2fbfd80f/staff_shiburizu.jpg
ShinJay SHINJ4Y,@shinj4y_,he/him,"Happy to be a part of Vortex Gallery 2023 and had the honor of hosting FEXL AD for the community in 2021 I'm here again but supporting Phantom Breaker Omnia for the NA and mainly the Japan Community. 

Good Luck to all players in your respective games and once again Thank You ",https://twitter.com/SHINJ4Y_,https://dl.airtable.com/.attachments/64bc88249ecc07dff9d82717a429298d/80504d72/c8eWRhRSIG9jVuWjsDEj
ShiroAoi,Shiro_Rodrigo,he/him,"I'm Shiro Aoi, and I'm a big enthusiast of fighting games. I'm the founder of Brazilian communities of GBVS and DNF Duel, both for consoles.",https://twitter.com/Shiro_Rodrigo,
shtkn,@shtkn,he/him,,,https://dl.airtable.com/.attachments/c84d790ef4c7c876d39520eb42edce72/ba6d739c/blackcowboyhat.jpg
SimonM,@SimonM_HFTF,he/him,,,
Skitties,@SkittiesC,he/him,"If you want to be happy, play Melty Blood, If you don't want to be happy, you should also play it",https://twitter.com/@SkittiesC,https://dl.airtable.com/.attachments/ac6cc01d3f40aa7e5508edec13ac8510/93b8568f/TIYbxfZTqmJ9tPg8Typr
Sleepmode,@SleepmodeAU,"he/him,they/them",,,
So Hai,@LNycholas2000,he/him,,,
Socky,@SockyRF,he/him,ballin',https://twitter.com/@SockyRF,https://dl.airtable.com/.attachments/5991aff4edb2e316a478ffda70f93020/bc4ed1e3/YLRVMPCwSUShvKbpZbXE
Solid FappuHandou,@SS_SolidHandou,he/him,"Idiot who likes too many Anime Fite games. Commentator, Organizer and TO for the Puerto Rico FGC scene. Sponsored by @RedRoosterTeam1 and co-founder of @GoonSquadPR",https://twitter.com/SS_SolidHandou,https://dl.airtable.com/.attachments/830d2c7f1ce19aa23992c426a2685a2b/4f2c338e/6KijgkrYT9GZUhCMgmiK
SonofTzeentch9,@SonofTzeentch9,he/him,,,
Sorrow,@X3Sorrow,he/him,,,
SoundTest,@BoberMN,he/him,more contact info aside from twitter/youtube/twitch,https://twitter.com/@BoberMN,
Spawnstar,N/A,"he/him,any",,,
SpriteStar0,@Sprite_Star0,he/him,"Sprite Star is a pixel artist, digital artist, animator, and a huge fan of fighting games. He is the original creator of the Rivals of Aether character ""Olympia Lazuli"" starting as a workshop character.",https://twitter.com/@Sprite_Star0,https://dl.airtable.com/.attachments/44aa0af20324b65a11fc4398848685f6/49fb4063/EPj3kbh0TymtiyKZwDwN
Sr Jota,@Jota_Jordy,he/him,,,
Stooge,@TheStooge97,he/him,I like Touhou.,https://twitter.com/@TheStooge97,
sugar bear,@sugarbear4d4,he/him,I run weekly 5SP events at the Cave in Fairfax. I also run bi-weekly 5SP events online (NA+SA). 5SP is fun. You should play it.,https://twitter.com/@sugarbear4d4,https://dl.airtable.com/.attachments/fa8baf59866d1dd9c54169b35beff549/37544b8c/JdENqQuRiW4vE2HgzGNc
Suika,VanSuika_,he/him,Nothing more dangerous than a Filipino on the Mic,https://twitter.com/VanSuika_,
Supermegabuster,@MegaBuster64,he/him,I am happy to help where I am needed for the communities I participate in.,https://twitter.com/@MegaBuster64,https://dl.airtable.com/.attachments/e10e8fff28a5ee94cd522b7f5df515d8/8c5c3bf7/V4MgU5eZSOuHiRiCR6IE
swiftea,swifteaVT,any,"My name is swiftea! I'm a Vtuber that mainly focuses on competitive games, I've been apart of the FGC casually for quite a long time, and part of the Splatoon Competitive scene since Splatoon 1. I'm excited to help bring a new Splatoon event to light with Vortex Gallery!",linktr.ee/swifteavt,https://dl.airtable.com/.attachments/901ef1f546fc500069e7e9a8196e6a09/b5ef30cb/nxqi4LzESJsqOOSlgOuw
T-Float,@FOmarl_N,he/him,,,
Tabby,TabbyNickel,she/her,"Semi Professional Weaboo Wedding Singer. PNW FGC TO, Commentator, and Competitor. Play Under Night.",https://twitter.com/TabbyNickel,https://dl.airtable.com/.attachments/0ab1869647180f66540cca5f114984c3/4e9ee8be/Tabby.png
TakatoKurenai,@TakatoKurenai,he/him,The real guilty gears are the friends we make along the way,https://twitter.com/@TakatoKurenai,https://dl.airtable.com/.attachments/0a4987143d59c46c0e21d165e407cf3d/8cf05d00/OTTyc7HETNmtgGV7Z8Mg
Tanner,TannerStrom,he/him,"Indiana was a past life, but now I’m in Denver and helping run things like Winter Showdown, our locals, and Evo. Who would have thought, right?",https://twitter.com/TannerStrom,https://dl.airtable.com/.attachments/aa1ed8b09e57e066e9205a9b8613e1e6/f5ba58f9/TSXBZpDTH6hGBjszhBCF
Tatubola,@tatubolabola,he/him,Aspiring commentator and big body enthusiast. ,https://twitter.com/@tatubolabola,https://dl.airtable.com/.attachments/08c2694462559f517c1a6c9e44979ad8/b66e1535/elCcJldkT3GUZ6ieqi2R
teetom,@teetom27,he/him,Go Birds.,https://twitter.com/@teetom27,
Temflakes,Don't have one,he/him,,,
Tessiro,Tessiro48,he/him,,,
Tetora,@nuryadin_jason,"any,he/him",Indonesia Fighting Games player. Blue Hair Enthusiast and currently play games for Hobbies #PlayDFCI,https://twitter.com/nuryadin_jason,https://dl.airtable.com/.attachments/da74de7c11e75caf14a1e0c811115431/e6e7e27c/keTHzf8FTCMgbaQNvoOa
Thantis,@xyloboness,he/him,,,
The Big David,@DavidSi05897811,he/him,,,
The Seeker,@ISW_TheSeeker,he/him,,,
TheBeardedWonder12,@thebeardedwond7,he/him,,,
TheLagWizard,I have no twitter,he/him,Lead TO for BBCF in OCE.,https://twitter.com/I have no twitter,
Theodore,@TheodoreNFSU2,he/him,IDK,https://twitter.com/@TheodoreNFSU2,https://dl.airtable.com/.attachments/f9c53c84960de60e20b91d22957e9996/a458d438/4b5RXF9yTm2YMyADMHYj
ThrustyZol,@CoachZOL,he/him,"TO/Streamer/Creator 'Casual Fight Fri' for SamSho Enhanced - Series X|S w/ @XBoxFightersFGC. FG's awoke a passion to stream entertaining, Gluten-free content (NO profanity/racial slurs/threats). Playing FG's since ‘Karate Champ’ A Brazilian Jiu-Jitsu Coach/MMA cornerman/Model/Stunts/Actor. Never work a day; Do what u Love for a living!",https://twitter.com/@CoachZOL,
Tipzntrix,@Tipzntrix,he/him,English riichi mahjong commentator and streamer!  Also local EN server ranked climber!,https://www.twitch.tv/tipzntrix,
Toast Rider,@tz_toast_rider,he/him,"Just a dad with a love for interesting and off-beat fighting games, as well as a TO and streamer. I run multiple monthly events for Samurai Shodown VI through the Slamurai Jamdown series and the Super Slash Bros series with AlexAlchemy.

I firmly believe the most important letter in FGC is the C - this community, the events we make, and the moments and memories we share are everything.",https://twitter.com/@tz_toast_rider,
tobemorecrazy,tmnt_tf,he/him,Longtime TMNT Tournament Fighter community member that founded the Super Fighting Discord and assists with updates to console fighters from the 90's.,http://newchallenger.net,https://dl.airtable.com/.attachments/41c709a20c272f8062292dbea1f1ea00/16b6eb45/mu8ftFRKS125KqCLuRVo
Tohloop,@andrewoyk,,dumdum,https://twitter.com/@andrewoyk,
tommo,tommoyang,he/him,oce bbcf supporter and a big fan of somehow always picking the most complicated characters to play,https://twitter.com/tommoyang,https://dl.airtable.com/.attachments/1f517316e8d31db5bedf8b98e4b67f8d/2afbbce1/HGhdGfEzT5y516gNsUP5
Too,2TTTTTTTTTTTTT,any,,,
Trapito,@Trapito928,he/him,"I'm the founder of Melty Blood Costa Rica! Pretty much just trying to help other communities to see how I can improve mine. Also an EDM and J-POP, and of course Frasi enthusiast. 

Please do not hesitate to contact me if you want to (here's my discord: Trapito#2116).",Trapito,https://dl.airtable.com/.attachments/b8a04944ad255d8c5b8bce51606a753d/cfcc85cc/oM0En080StWwgJUzj1Vw
Trash Boat,@itz_amram,he/him,"Hobbyist, rather a jack of all trades than a master of one.",https://twitter.com/@itz_amram,
TrashTierHuman,@TrashTierHuman,,,,
Trashyslime,@Thetrashyslime,she/her,Freelance graphics designer and GBVS player,https://twitter.com/@Thetrashyslime,https://dl.airtable.com/.attachments/8047651ba8091ef713ad7982df348692/5a4e9678/Gr15WqPRT6uXClJ2fUay
TTTTTsd,@TTTTTsd_,any,,,
ultrayoshi,@ultrayoshi115,he/him,,,
Vais,@Vais__,he/him,,,
VFC | Aizawa Alcanot,@jinzou77,he/him,,,
VGD,airdasher_sea,he/him,"VGD here, I'm the Head TO of Airdasher Singapore & Airdasher SEA. Here to help bring the SouthEastAsian anime/kusoge FGC together. SEA-food tour guide, I'll probably be the one to take you to eat. 
Please play me in UMVC3/MVCI. Mike Haggar’s no.1 office boy. ","None for now please, don't link to ADSEA",https://dl.airtable.com/.attachments/abefcf6c81ad63e9dba2aff834ecf859/1ec90168/kY3lA97SQAqeoLiuGbOb
Vincent,@auvicity,he/him,,,
Virtua Kazama,@VirtuaKazama,he/him,Host of Virtua Fighter Takeover. We'll show you all what #VFStrongStyle is all about!,https://twitter.com/VirtuaKazama,https://dl.airtable.com/.attachments/045d252fc108276e97c07384caa748ff/f7577465/ISEQd1oXTfyv9YGU7jvw
ViviMayoi,ViviMayoi,she/her,,,
Vixy,@vvvvixy,she/her,"Fighting game Caster, TO & Streamer. I enjoy everything fighting games and love to bring some good hype and entertainment on the mic!

Ask me about everything Them's Fightin' Herds!",https://twitter.com/vvvvixy,https://dl.airtable.com/.attachments/ad833de649481eb18a80c53cc31d5326/70c5f979/OxLdrsTbSpyAdcgS3nng
Vynira Snowy,@vynirasnowy,he/him,Loves Blazblue and Guilty Gear and supporting their communities,https://twitter.com/@vynirasnowy,https://dl.airtable.com/.attachments/ae92fda4cf63970aa9df19c9d35c12bf/9d4572f5/nRtrNVULRE6hlrGm7TQq
WALKMAN_04,WALKMAN_04,he/him,Former Splatoon top player turned commentator and tournament organizer who is looking to grow the Splatoon community for both competitive and casual players.,https://twitter.com/WALKMAN_04,
Wattmelon,@Wattmelon,"he/him,they/them",Just a modder in the Rivals of Aether Workshop community. I made a Gay Fridge into a fighting game character lol.,https://twitter.com/@Wattmelon,https://dl.airtable.com/.attachments/e797fb986e175768c84b69216f58c63a/db805579/6aWf8huyQCWuXpGEeQEO
Weebmaru,@Weebmaru1,he/him,,,
Will,@CDV_Will,he/him,,,
Winter Mellow,@MellowMsia,he/him,,,
Winty,wintydunno,any,,,
Wondaland,wondaland65,he/him,I am a casual player who got into fighting games via Samurai Shodown (2019).,https://twitter.com/wondaland65,
Xenono,-,he/him,oooowwaaaaaaa,-,https://dl.airtable.com/.attachments/b113f312411539961bba608774844aa9/f0a9f331/fX4us9GTfuh2gD51e8Ew
YandereGogeta,@YandereGogeta,he/him,,,
Yang,@Yang23__,she/her,Play ABK,https://twitter.com/@Yang23__,https://dl.airtable.com/.attachments/697da0c9ae81d73873200de95aa985f1/ab26f00c/7wz24rlhQ3iyoJZ55DEQ
YFDHippo,,he/him,"Play Ultra Fight Da ! Kyanta 2, it's free to play on Steam!",https://www.youtube.com/channel/UCGviE_344QODix9h0IveeCA,https://dl.airtable.com/.attachments/2e6bcd6d956f9ada43446da4ddd859a6/8052e5c9/yfdhippo.png
YumMorrigan,@YumMorrigan,she/her,Lover of Guilty Gear and an Elphelt player (I'm sorry/I'm not sorry),https://twitter.com/@YumMorrigan,
Zate,@Zatefgc,he/him,,,
ZelRose,@ZeludeRose,"she/her,they/them","my name is Rose, and I'm cursed to always commentate the dinosaur game. help.",https://twitter.com/@ZeludeRose,https://dl.airtable.com/.attachments/d7033268acaff23250076bb18ddb2fad/c2e46138/lbBTOQvBTfv3sgSclLHA
Zircean,N/A,he/him,,,
イワ,@iwa_DOA,he/him,,,
かぷえぬ,@kapuenu_twt,he/him,,,
とめ,@kotovf,she/her,,,